[
{"price": 52500.0, "link": " https://www.giftcardmall.am/en/gift-card/mary ", "name": "MARY GIFT CARDS"},
{"price": 55000.0, "link": " https://www.giftcardmall.am/en/gift-card/carpisa ", "name": "CARPISA GIFT CARDS"},
{"price": 62500.0, "link": " https://www.giftcardmall.am/en/gift-card/time ", "name": "TIME GIFT CARDS"},
{"price": 105000.0, "link": " https://www.giftcardmall.am/en/gift-card/chicco ", "name": "CHICCO GIFT CARDS"},
{"price": 60000.0, "link": " https://www.giftcardmall.am/en/gift-card/mega-sport ", "name": "MEGA SPORT GIFT CARDS"},
{"price": 17500.0, "link": " https://www.giftcardmall.am/en/gift-card/parfois ", "name": "PARFOIS GIFT CARDS"},
{"price": 275000.0, "link": " https://www.giftcardmall.am/en/gift-card/max-mara ", "name": "MAX MARA GIFT CARDS"},
{"price": 502500.0, "link": " https://www.giftcardmall.am/en/gift-card/rivoli-de-luxe ", "name": "RIVOLI DE LUXE GIFT CARDS"},
{"price": 260000.0, "link": " https://www.giftcardmall.am/en/gift-card/tommy-hilfiger ", "name": "TOMMY HILFIGER GIFT CARDS"},
{"price": 260000.0, "link": " https://www.giftcardmall.am/en/gift-card/eldorado ", "name": "ELDORADO HYPERMARKET GIFT CARDS"},
{"price": 102500.0, "link": " https://www.giftcardmall.am/en/gift-card/mankan ", "name": "MANKAN GIFT CARDS"},
{"price": 101500.0, "link": " https://www.giftcardmall.am/en/gift-card/helios ", "name": "HELIOS GIFT CARDS"},
{"price": 175000.0, "link": " https://www.giftcardmall.am/en/gift-card/istore ", "name": "ISTORE  GIFT CARDS"},
{"price": 30000.0, "link": " https://www.giftcardmall.am/en/gift-card/avalon ", "name": "AVALON  GIFT CARDS"},
{"price": 27500.0, "link": " https://www.giftcardmall.am/en/gift-card/bookinist ", "name": "BOOKINIST GIFT CARDS"},
{"price": 110000.0, "link": " https://www.giftcardmall.am/en/gift-card/sali ", "name": "SALI GIFT CARDS"},
{"price": 30000.0, "link": " https://www.giftcardmall.am/en/gift-card/mega-toys ", "name": "MEGA TOYS GIFT CARDS"},
{"price": 52500.0, "link": " https://www.giftcardmall.am/en/gift-card/gipfel ", "name": "GIPFEL GIFT CARDS"},
{"price": 100000.0, "link": " https://www.giftcardmall.am/en/gift-card/montblanc ", "name": "MONT BLANC GIFT CARDS"},
{"price": 262500.0, "link": " https://www.giftcardmall.am/en/gift-card/vega ", "name": "VEGA GIFT CARDS"},
{"price": 25000.0, "link": " https://www.giftcardmall.am/en/gift-card/make-up-studio ", "name": "MAKE-UP STUDIO GIFT CARDS"},
{"price": 57500.0, "link": " https://www.giftcardmall.am/en/gift-card/swarovski ", "name": "SWAROVSKI GIFT CARDS"},
{"price": 30000.0, "link": " https://www.giftcardmall.am/en/gift-card/etam ", "name": "ETAM GIFT CARDS"},
{"price": 275000.0, "link": " https://www.giftcardmall.am/en/gift-card/escada ", "name": "ESCADA GIFT CARDS"},
{"price": 525000.0, "link": " https://www.giftcardmall.am/en/gift-card/diamor ", "name": "DIAMOR GIFT CARDS"},
{"price": 625000.0, "link": " https://www.giftcardmall.am/en/gift-card/nur-gallery ", "name": "NUR GALLERY GIFT CARDS"},
{"price": 60000.0, "link": " https://www.giftcardmall.am/en/gift-card/7-camicie ", "name": "CAMICIE GIFT CARDS"},
{"price": 260000.0, "link": " https://www.giftcardmall.am/en/gift-card/suit-expert ", "name": "SUIT EXPERT GIFT CARDS"},
{"price": 140000.0, "link": " https://www.giftcardmall.am/en/gift-card/switz ", "name": "SWITZ SWISS WATCHES GIFT CARDS"},
{"price": 37500.0, "link": " https://www.giftcardmall.am/en/gift-card/parker ", "name": "PARKER GIFT CARDS"},
{"price": 25000.0, "link": " https://www.giftcardmall.am/en/gift-card/new-balance ", "name": "NEW BALANCE GIFT CARDS"},
{"price": 260000.0, "link": " https://www.giftcardmall.am/en/gift-card/calvin-klein ", "name": "CALVIN KLEIN GIFT CARDS"},
{"price": 275000.0, "link": " https://www.giftcardmall.am/en/gift-card/nana ", "name": "NANA GIFT CARDS"},
{"price": 15000.0, "link": " https://www.giftcardmall.am/en/gift-card/yell-extreme-park ", "name": "YELL EXTREME PARK GIFT CARDS"},
{"price": 17000.0, "link": " https://www.giftcardmall.am/en/gift-card/questomania ", "name": "QUESTOMANIA GIFT CARDS"},
{"price": 17000.0, "link": " https://www.giftcardmall.am/en/gift-card/hogwarts-express ", "name": "HOGARTS EXPRESS GIFT CARDS"},
{"price": 43000.0, "link": " https://www.giftcardmall.am/en/gift-card/sky-club ", "name": "SKY CLUB GIFT CARDS"},
{"price": 105000.0, "link": " https://www.giftcardmall.am/en/gift-card/mothercare ", "name": "MOTHERCARE GIFT CARDS"},
{"price": 275000.0, "link": " https://www.giftcardmall.am/en/gift-card/betty-barclay ", "name": "BETTY BARCLAY GIFT CARDS"},
{"price": 30000.0, "link": " https://www.giftcardmall.am/en/gift-card/okaidi ", "name": "OKAIDI GIFT CARDS"},
{"price": 30000.0, "link": " https://www.giftcardmall.am/en/gift-card/celio ", "name": "CELIO GIFT CARDS"},
{"price": 50000.0, "link": " https://www.giftcardmall.am/en/gift-card/best-optic ", "name": "BEST OPTIC GIFT CARDS"},
{"price": 65000.0, "link": " https://www.giftcardmall.am/en/gift-card/golds-spa ", "name": "GOLD'S SPA GIFT CARDS"},
{"price": 27500.0, "link": " https://www.giftcardmall.am/en/gift-card/led-computers ", "name": "LED COMPUTERS GIFT CARDS"},
{"price": 55000.0, "link": " https://www.giftcardmall.am/en/gift-card/egoiste ", "name": "EGOISTE GIFT CARDS"},
{"price": 20000.0, "link": " https://www.giftcardmall.am/en/gift-card/trabucco ", "name": "IV KUSTO GIFT CARDS"},
{"price": 165000.0, "link": " https://www.giftcardmall.am/en/gift-card/novello ", "name": "NOVELLO GIFT CARDS"},
{"price": 102500.0, "link": " https://www.giftcardmall.am/en/gift-card/fissman ", "name": "FISSMAN GIFT CARDS"},
{"price": 52500.0, "link": " https://www.giftcardmall.am/en/gift-card/light-style ", "name": "LIGHT STYLE GIFT CARDS"},
{"price": 52500.0, "link": " https://www.giftcardmall.am/en/gift-card/inori ", "name": "INORI GIFT CARDS"},
{"price": 110000.0, "link": " https://www.giftcardmall.am/en/gift-card/piccolino ", "name": "PICCOLINO GIFT CARDS"},
{"price": 257500.0, "link": " https://www.giftcardmall.am/en/gift-card/incourt ", "name": "INCOURT TENNIS CLUB GIFT CARDS"},
{"price": 22250.0, "link": " https://www.giftcardmall.am/en/gift-card/shoonch ", "name": "SHOONCH GIFT CARDS"},
{"price": 10000.0, "link": " https://www.giftcardmall.am/en/gift-card/noyan-tapan ", "name": "NOYAN TAPAN GIFT CARDS"},
{"price": 52500.0, "link": " https://www.giftcardmall.am/en/gift-card/skechers ", "name": "SKECHERS GIFT CARDS"},
{"price": 20000.0, "link": " https://www.giftcardmall.am/en/gift-card/la-belle ", "name": "LA BELLE GIFT CARDS"},
{"price": 20000.0, "link": " https://www.giftcardmall.am/en/gift-card/harmony ", "name": "HARMONY BEAUTY LOUNGE GIFT CARDS"},
{"price": 52500.0, "link": " https://www.giftcardmall.am/en/gift-card/nairian ", "name": "NAIRIAN GIFT CARDS"},
{"price": 275000.0, "link": " https://www.giftcardmall.am/en/gift-card/dali ", "name": "DALI GIFT CARDS"},
{"price": 275000.0, "link": " https://www.giftcardmall.am/en/gift-card/max&co ", "name": "MAX&CO GIFT CARDS"},
{"price": 52500.0, "link": " https://www.giftcardmall.am/en/gift-card/bobas ", "name": "BOBAS GIFT CARDS"},
{"price": 27500.0, "link": " https://www.giftcardmall.am/en/gift-card/king-garden ", "name": "KING GARDEN GIFT CARDS"},
{"price": 57500.0, "link": " https://www.giftcardmall.am/en/gift-card/gags-kids ", "name": "GAG'S KIDS GIFT CARDS"},
{"price": 27500.0, "link": " https://www.giftcardmall.am/en/gift-card/flaffi ", "name": "FLAFFI GIFT CARDS"},
{"price": 30000.0, "link": " https://www.giftcardmall.am/en/gift-card/laki ", "name": "LAKI GIFT CARDS"},
{"price": 22500.0, "link": " https://www.giftcardmall.am/en/gift-card/ketikyan-photo-studio ", "name": "KETIKYAN PHOTO & DESIGN STUDIO GIFT CARDS"},
{"price": 87500.0, "link": " https://www.giftcardmall.am/en/gift-card/mobil-start ", "name": "MOBILSTART GIFT CARDS"},
{"price": 52500.0, "link": " https://www.giftcardmall.am/en/gift-card/my-bike ", "name": "MYBIKE GIFT CARDS"},
{"price": 112500.0, "link": " https://www.giftcardmall.am/en/gift-card/cascade-shoes ", "name": "CASCADE SHOES GIFT CARDS"},
{"price": 52500.0, "link": " https://www.giftcardmall.am/en/gift-card/lc-waikiki ", "name": "LC WAIKIKI GIFT CARDS"},
{"price": 105000.0, "link": " https://www.giftcardmall.am/en/gift-card/prenatal-milano ", "name": "PRENATAL MILANO GIFT CARDS"},
{"price": 260000.0, "link": " https://www.giftcardmall.am/en/gift-card/vlv-electronics ", "name": "VLV ELECTRONICS GIFT CARDS"},
{"price": 60000.0, "link": " https://www.giftcardmall.am/en/gift-card/maria-luce ", "name": "MARIA LUCE GIFT CARDS"},
{"price": 70000.0, "link": " https://www.giftcardmall.am/en/gift-card/nika-med ", "name": "NIKA MED GIFT CARDS"},
{"price": 52500.0, "link": " https://www.giftcardmall.am/en/gift-card/penti ", "name": "PENTI GIFT CARDS"},
{"price": 225000.0, "link": " https://www.giftcardmall.am/en/gift-card/raf-kanian-shoes ", "name": "RAF KANIAN SHOES GIFT CARDS"},
{"price": 51250.0, "link": " https://www.giftcardmall.am/en/gift-card/segafredo ", "name": "SEGAFREDO GIFT CARDS"},
{"price": 55000.0, "link": " https://www.giftcardmall.am/en/gift-card/mavi ", "name": "MAVI GIFT CARDS"},
{"price": 53500.0, "link": " https://www.giftcardmall.am/en/gift-card/armhookah ", "name": "ARMHOOKAH GIFT CARDS"},
{"price": 90000.0, "link": " https://www.giftcardmall.am/en/gift-card/xdrive  ", "name": "X-DRIVE DRIVING SCHOOL GIFT CARDS"},
{"price": 37500.0, "link": " https://www.giftcardmall.am/en/gift-card/marashlyan-photo-atelier ", "name": "MARASHLYAN PHOTO ATELIER GIFT CARDS"},
{"price": 15000.0, "link": " https://www.giftcardmall.am/en/gift-card/mood-cosmetics ", "name": "MOOD COSMETICS GIFT CARDS"},
{"price": 40000.0, "link": " https://www.giftcardmall.am/en/gift-card/5-concept ", "name": "CONCEPT GIFT CARDS"},
{"price": 35000.0, "link": " https://www.giftcardmall.am/en/gift-card/stevlin ", "name": "STEVLIN GIFT CARDS"},
{"price": 27500.0, "link": " https://www.giftcardmall.am/en/gift-card/arena-bouling ", "name": "ARENA BOWLING GIFT CARDS"},
{"price": 275000.0, "link": " https://www.giftcardmall.am/en/gift-card/marina-rinaldi ", "name": "MARINA RINALDI GIFT CARDS"},
{"price": 30000.0, "link": " https://www.giftcardmall.am/en/gift-card/bossini ", "name": "BOSSINI GIFT CARDS"},
{"price": 37500.0, "link": " https://www.giftcardmall.am/en/gift-card/pen-box ", "name": "PEN BOX GIFT CARDS"},
{"price": 55000.0, "link": " https://www.giftcardmall.am/en/gift-card/primigi ", "name": "PRIMIGI CHILD'S SHOE SHOP GIFT CARDS"},
{"price": 27500.0, "link": " https://www.giftcardmall.am/en/gift-card/aeon-club ", "name": "AEON CLUB GIFT CARDS"},
{"price": 92500.0, "link": " https://www.giftcardmall.am/en/gift-card/togas ", "name": "TOGAS GIFT CARDS"},
{"price": 250000.0, "link": " https://www.giftcardmall.am/en/gift-card/ben-vestito ", "name": "BEN VESTITO GIFT CARDS"},
{"price": 251500.0, "link": " https://www.giftcardmall.am/en/gift-card/image-code ", "name": "IMAGE CODE GIFT CARDS"},
{"price": 275000.0, "link": " https://www.giftcardmall.am/en/gift-card/la-coquette ", "name": "LA COQUETTE GIFT CARDS"},
{"price": 10000.0, "link": " https://www.giftcardmall.am/en/gift-card/limeks-rose ", "name": "LIMEKS ROSE GIFT CARDS"},
{"price": 50000.0, "link": " https://www.giftcardmall.am/en/gift-card/alisa-harutyunyan-fashion ", "name": "ALISA HARUTYUNYAN FASHION GIFT CARDS"},
{"price": 62500.0, "link": " https://www.giftcardmall.am/en/gift-card/dalma-gold-gallery ", "name": "DALMA GOLD GALLERY GIFT CARDS"},
{"price": 502500.0, "link": " https://www.giftcardmall.am/en/gift-card/luxe ", "name": "LUXE GIFT CARDS"},
{"price": 33000.0, "link": " https://www.giftcardmall.am/en/gift-card/arshavner-club ", "name": "ARSHAVNER CLUB GIFT CARDS"},
{"price": 52500.0, "link": " https://www.giftcardmall.am/en/gift-card/sushi-toria ", "name": "SUSHI TORIA GIFT CARDS"},
{"price": 27500.0, "link": " https://www.giftcardmall.am/en/gift-card/love-republic ", "name": "LOVE REPUBLIC GIFT CARDS"},
{"price": 62500.0, "link": " https://www.giftcardmall.am/en/gift-card/gayane-avetisyan-photostudio ", "name": "GAYANE AVETISYAN KID PHOTO GIFT CARDS"},
{"price": 15000.0, "link": " https://www.giftcardmall.am/en/gift-card/kantata ", "name": "KANTATA GIFT CARDS"},
{"price": 10000.0, "link": " https://www.giftcardmall.am/en/gift-card/zipline-arshavner-club ", "name": "ZIPLINE ARSHAVNER CLUB GIFT CARDS"},
{"price": 21500.0, "link": " https://www.giftcardmall.am/en/gift-card/ac-english-club ", "name": "AC ENGLISH CLUB GIFT CARDS"},
{"price": 50000.0, "link": " https://www.giftcardmall.am/en/gift-card/black-star ", "name": "BLACK STAR GIFT CARDS"},
{"price": 65000.0, "link": " https://www.giftcardmall.am/en/gift-card/litte ", "name": "LITTE GIFT CARDS"},
{"price": 7800.0, "link": " https://www.giftcardmall.am/en/gift-card/alex-fitness ", "name": "ALEX FITNESS GIFT CARDS"},
{"price": 57500.0, "link": " https://www.giftcardmall.am/en/gift-card/aida-melkonyan-studio ", "name": "AIDA MELKONYAN STUDIO GIFT CARDS"},
{"price": 35000.0, "link": " https://www.giftcardmall.am/en/gift-card/andriaveti ", "name": "ANDRIAVETI GIFT CARDS"},
{"price": 60000.0, "link": " https://www.giftcardmall.am/en/gift-card/armedy-laser ", "name": "ARMEDY LASER GIFT CARDS"},
{"price": 109500.0, "link": " https://www.giftcardmall.am/en/gift-card/thai-penthouse ", "name": "THAI PENTHOUSE GIFT CARDS"},
{"price": 52500.0, "link": " https://www.giftcardmall.am/en/gift-card/magnitour ", "name": "MAGNI TOUR GIFT CARDS"},
{"price": 27500.0, "link": " https://www.giftcardmall.am/en/gift-card/ara-silver ", "name": "ARA SILVER GIFT CARDS"},
{"price": 17500.0, "link": " https://www.giftcardmall.am/en/gift-card/mane-toys ", "name": "MANETOYS GIFT CARDS"},
{"price": 20000.0, "link": " https://www.giftcardmall.am/en/gift-card/bumbumik ", "name": "BUMBUMIK GIFT CARDS"},
{"price": 62500.0, "link": " https://www.giftcardmall.am/en/gift-card/pandora ", "name": "PANDORA GIFT CARDS"},
{"price": 62500.0, "link": " https://www.giftcardmall.am/en/gift-card/bac ", "name": "BAC GIFT CARDS"},
{"price": 50000.0, "link": " https://www.giftcardmall.am/en/gift-card/cataleya ", "name": "CATALEYA GIFT CARDS"},
{"price": 137500.0, "link": " https://www.giftcardmall.am/en/gift-card/milavitsa ", "name": "MILAVITSA GIFT CARDS"},
{"price": 52500.0, "link": " https://www.giftcardmall.am/en/gift-card/salute-co ", "name": "SALUTE CO GIFT CARDS"},
{"price": 15000.0, "link": " https://www.giftcardmall.am/en/gift-card/natura-siberica ", "name": "NATURA SIBERICA GIFT CARDS"},
{"price": 52500.0, "link": " https://www.giftcardmall.am/en/gift-card/tucan ", "name": "TUCAN GIFT CARDS"},
{"price": 15000.0, "link": " https://www.giftcardmall.am/en/gift-card/the-workshop ", "name": "THEWORKSHOP GIFT CARDS"},
{"price": 58500.0, "link": " https://www.giftcardmall.am/en/gift-card/bamboo-panda ", "name": "BAMBOO PANDA GIFT CARDS"},
{"price": 7000.0, "link": " https://www.giftcardmall.am/en/gift-card/dudes-barbershop ", "name": "DUDE'S BARBERSHOP GIFT CARDS"},
{"price": 32500.0, "link": " https://www.giftcardmall.am/en/gift-card/meladent ", "name": "MELADENT GIFT CARDS"},
{"price": 11500.0, "link": " https://www.giftcardmall.am/en/gift-card/bellissimo ", "name": "BELLISSIMO GIFT CARDS"},
{"price": 12500.0, "link": " https://www.giftcardmall.am/en/gift-card/organicus ", "name": "ORGANICUS GIFT CARDS"},
{"price": 27500.0, "link": " https://www.giftcardmall.am/en/gift-card/siamoods ", "name": "SIAMOODS GIFT CARDS"},
{"price": 37500.0, "link": " https://www.giftcardmall.am/en/gift-card/gamma ", "name": "GAMMA GIFT CARDS"},
{"price": 52500.0, "link": " https://www.giftcardmall.am/en/gift-card/sushi-toria-kyoto-lounge ", "name": "SUSHI TORIA KYOTO LOUNGE GIFT CARDS"},
{"price": 51250.0, "link": " https://www.giftcardmall.am/en/gift-card/square-one ", "name": "SQUARE ONE GIFT CARDS"},
{"price": 10000.0, "link": " https://www.giftcardmall.am/en/gift-card/relax-spa ", "name": "RELAX SPA CENTER GIFT CARDS"},
{"price": 27500.0, "link": " https://www.giftcardmall.am/en/gift-card/she ", "name": "SHE GIFT CARDS"},
{"price": 33000.0, "link": " https://www.giftcardmall.am/en/gift-card/universe-language-center ", "name": "UNIVERSE LANGUAGE CENTER GIFT CARDS"},
{"price": 26500.0, "link": " https://www.giftcardmall.am/en/gift-card/h2o ", "name": "H2O BEAUTY LOUNGE GIFT CARDS"},
{"price": 275000.0, "link": " https://www.giftcardmall.am/en/gift-card/odri ", "name": "ODRI GIFT CARDS"},
{"price": 15000.0, "link": " https://www.giftcardmall.am/en/gift-card/pulanna-nonicare ", "name": "PULANNA NONICARE GIFT CARDS"},
{"price": 65000.0, "link": " https://www.giftcardmall.am/en/gift-card/the-muse-fashion-studio ", "name": "THE MUSE FASHION STUDIO GIFT CARDS"},
{"price": 26500.0, "link": " https://www.giftcardmall.am/en/gift-card/little-einstein ", "name": "LITTLE EINSTEIN GIFT CARDS"},
{"price": 55000.0, "link": " https://www.giftcardmall.am/en/gift-card/thai-spa ", "name": "THAI SPA GIFT CARDS"},
{"price": 200000.0, "link": " https://www.giftcardmall.am/en/gift-card/tour-campus ", "name": "TOUR CAMPUS GIFT CARDS"},
{"price": 12500.0, "link": " https://www.giftcardmall.am/en/gift-card/bnature ", "name": "BNATURE GIFT CARDS"},
{"price": 52500.0, "link": " https://www.giftcardmall.am/en/gift-card/rivage ", "name": "RIVAGE GIFT CARDS"},
{"price": 55000.0, "link": " https://www.giftcardmall.am/en/gift-card/petoor ", "name": "PETOOR GIFT CARDS"},
{"price": 55000.0, "link": " https://www.giftcardmall.am/en/gift-card/siam-herb-studio ", "name": "SIAM HERB STUDIO GIFT CARDS"},
{"price": 6500.0, "link": " https://www.giftcardmall.am/en/gift-card/pasticceria-cake ", "name": "PASTICCERIA CAKE GIFT CARDS"},
{"price": 9000.0, "link": " https://www.giftcardmall.am/en/gift-card/optima ", "name": "OPTIMA FORMA GIFT CARDS"},
{"price": 10000.0, "link": " https://www.giftcardmall.am/en/gift-card/pub-37 ", "name": "PUB 37 GIFT CARDS"},
{"price": 55000.0, "link": " https://www.giftcardmall.am/en/gift-card/nare-decor ", "name": "NARE DECOR GIFT CARDS"},
{"price": 60000.0, "link": " https://www.giftcardmall.am/en/gift-card/bugatti ", "name": "BUGATTI GIFT CARDS"},
{"price": 40000.0, "link": " https://www.giftcardmall.am/en/gift-card/akunq-driving-school ", "name": "AKUNQ DRIVING SCHOOL GIFT CARDS"},
{"price": 30000.0, "link": " https://www.giftcardmall.am/en/gift-card/make-up-atelier ", "name": "MAKE-UP ATELIER GIFT CARDS"},
{"price": 7000.0, "link": " https://www.giftcardmall.am/en/gift-card/firm-barbershop ", "name": "FIRM BARBERSHOP GIFT CARDS"},
{"price": 55000.0, "link": " https://www.giftcardmall.am/en/gift-card/thai-home ", "name": "THAI HOME MASSAGE CENTER GIFT CARDS"},
{"price": 275000.0, "link": " https://www.giftcardmall.am/en/gift-card/gerry-weber ", "name": "GERRY WEBER GIFT CARDS"},
{"price": 76500.0, "link": " https://www.giftcardmall.am/en/gift-card/fashion-campus ", "name": "FASHION CAMPUS GIFT CARDS"},
{"price": 37500.0, "link": " https://www.giftcardmall.am/en/gift-card/in-white ", "name": "IN WHITE GIFT CARDS"},
{"price": 22500.0, "link": " https://www.giftcardmall.am/en/gift-card/tt-toys ", "name": "TT TOYS GIFT CARDS"},
{"price": 30000.0, "link": " https://www.giftcardmall.am/en/gift-card/city ", "name": "YEREVAN CITY GIFT CARDS"},
{"price": 55000.0, "link": " https://www.giftcardmall.am/en/gift-card/jonric-medical-spa ", "name": "JON'RIC MEDICAL SPA GIFT CARDS"},
{"price": 113000.0, "link": " https://www.giftcardmall.am/en/gift-card/prolife ", "name": "PROLIFE GIFT CARDS"},
{"price": 155000.0, "link": " https://www.giftcardmall.am/en/gift-card/skyball ", "name": "SKYBALL GIFT CARDS"},
{"price": 23500.0, "link": " https://www.giftcardmall.am/en/gift-card/calypso ", "name": "CALYPSO GIFT CARDS"},
{"price": 75000.0, "link": " https://www.giftcardmall.am/en/gift-card/art-glass ", "name": "ART GLASS GIFT CARDS"},
{"price": 62500.0, "link": " https://www.giftcardmall.am/en/gift-card/medea ", "name": "MEDEA GIFT CARDS"},
{"price": 122500.0, "link": " https://www.giftcardmall.am/en/gift-card/art-house ", "name": "ART HOUSE GIFT CARDS"},
{"price": 27500.0, "link": " https://www.giftcardmall.am/en/gift-card/bellezza ", "name": "BELLEZZA GIFT CARDS"},
{"price": 77500.0, "link": " https://www.giftcardmall.am/en/gift-card/nuri-design ", "name": "NURI DESIGN GIFT CARDS"},
{"price": 10000.0, "link": " https://www.giftcardmall.am/en/gift-card/venus-electronic ", "name": "VENUS ELECTRONIC GIFT CARDS"},
{"price": 51500.0, "link": " https://www.giftcardmall.am/en/gift-card/rof-barbershop ", "name": "ROF BARBERSHOP GIFT CARDS"},
{"price": 30000.0, "link": " https://www.giftcardmall.am/en/gift-card/luel ", "name": "LUEL GIFT CARDS"},
{"price": 120000.0, "link": " https://www.giftcardmall.am/en/gift-card/personal-chef-culinary-master-class ", "name": "PERSONAL CHEF CULINARY MASTER-CLASS GIFT CARDS"},
{"price": 51250.0, "link": " https://www.giftcardmall.am/en/gift-card/cinnabon ", "name": "CINNABON GIFT CARDS"},
{"price": 52500.0, "link": " https://www.giftcardmall.am/en/gift-card/pizza-toria ", "name": "PIZZA TORIA GIFT CARDS"},
{"price": 12500.0, "link": " https://www.giftcardmall.am/en/gift-card/conte ", "name": "CONTE GIFT CARDS"},
{"price": 65000.0, "link": " https://www.giftcardmall.am/en/gift-card/may-star ", "name": "MAYSTAR  COSMETICA  GIFT CARDS"},
{"price": 65000.0, "link": " https://www.giftcardmall.am/en/gift-card/personal-chef ", "name": "PERSONAL CHEF GIFT CARDS"},
{"price": 65000.0, "link": " https://www.giftcardmall.am/en/gift-card/new-way ", "name": "NEW WAY GIFT CARDS"}
]